,sentiments_label,topic_label
0,2,0
1,2,0
2,2,0
3,2,0
4,0,0
5,2,0
6,1,1
7,2,0
8,0,0
9,2,0
10,2,0
11,2,0
12,0,0
13,0,1
14,2,0
15,2,0
16,2,0
17,2,0
18,0,0
19,2,0
20,2,1
21,2,0
22,2,0
23,0,1
24,2,0
25,0,2
26,0,0
27,2,0
28,2,0
29,2,0
30,2,0
31,0,2
32,2,0
33,0,0
34,2,1
35,2,1
36,0,0
37,0,0
38,2,0
39,2,0
40,0,0
41,1,3
42,0,0
43,2,0
44,2,0
45,0,1
46,2,0
47,0,2
48,2,0
49,0,0
50,0,0
51,2,0
52,2,0
53,0,1
54,0,0
55,0,0
56,2,0
57,0,0
58,2,0
59,2,0
60,2,0
61,2,0
62,2,0
63,0,3
64,2,0
65,2,0
66,2,0
67,0,0
68,2,0
69,2,1
70,2,0
71,2,0
72,2,0
73,2,0
74,2,0
75,0,0
76,0,1
77,0,2
78,0,0
79,2,0
80,2,0
81,2,0
82,2,0
83,2,0
84,1,3
85,2,0
86,0,0
87,0,1
88,0,0
89,0,3
90,2,1
91,2,0
92,0,0
93,0,0
94,0,2
95,0,1
96,2,0
97,2,1
98,0,2
99,0,3
100,2,0
101,2,0
102,0,1
103,0,1
104,2,0
105,2,0
106,2,0
107,0,0
108,0,0
109,0,0
110,2,1
111,2,0
112,2,0
113,2,0
114,0,1
115,2,0
116,0,1
117,2,0
118,2,0
119,2,0
120,2,0
121,2,1
122,2,1
123,0,0
124,0,0
125,0,0
126,0,0
127,2,0
128,2,0
129,2,0
130,0,2
131,0,0
132,0,1
133,2,1
134,2,0
135,0,1
136,0,0
137,0,1
138,0,1
139,2,0
140,0,0
141,0,0
142,2,0
143,0,2
144,2,0
145,2,0
146,2,0
147,0,1
148,2,0
149,2,0
150,0,1
151,2,0
152,2,1
153,2,3
154,2,0
155,0,2
156,0,0
157,2,0
158,2,0
159,2,0
160,0,0
161,2,0
162,2,0
163,2,0
164,0,0
165,2,0
166,2,0
167,2,0
168,0,0
169,0,1
170,0,1
171,0,0
172,0,1
173,2,0
174,2,0
175,0,0
176,2,0
177,2,0
178,2,0
179,0,1
180,2,0
181,0,1
182,0,0
183,0,0
184,0,0
185,0,0
186,2,1
187,0,0
188,0,1
189,2,0
190,0,0
191,0,1
192,0,0
193,0,0
194,2,0
195,0,1
196,0,0
197,0,1
198,0,1
199,0,1
200,0,1
201,2,0
202,2,0
203,0,0
204,2,0
205,0,0
206,2,0
207,2,0
208,0,0
209,0,1
210,2,0
211,0,0
212,2,0
213,0,2
214,0,0
215,2,0
216,0,1
217,0,0
218,0,0
219,2,0
220,0,0
221,2,1
222,0,0
223,0,1
224,2,0
225,0,0
226,2,0
227,0,0
228,2,0
229,0,1
230,2,0
231,0,0
232,0,0
233,2,0
234,0,1
235,1,1
236,2,0
237,2,0
238,0,1
239,2,0
240,2,0
241,0,1
242,0,1
243,0,0
244,0,1
245,0,0
246,0,1
247,2,0
248,0,0
249,0,1
250,0,0
251,0,1
252,0,0
253,2,0
254,2,1
255,0,0
256,2,0
257,2,0
258,0,0
259,2,1
260,0,0
261,0,0
262,2,0
263,2,0
264,0,2
265,2,0
266,0,0
267,2,0
268,0,2
269,2,0
270,2,0
271,1,0
272,0,0
273,0,0
274,2,0
275,2,0
276,0,0
277,2,0
278,2,0
279,2,1
280,2,0
281,0,0
282,0,0
283,0,1
284,2,0
285,0,2
286,0,0
287,2,0
288,2,0
289,2,0
290,2,3
291,2,0
292,2,0
293,0,1
294,2,0
295,0,2
296,2,0
297,2,0
298,2,0
299,2,0
300,2,0
301,2,0
302,0,1
303,0,0
304,0,1
305,0,1
306,0,1
307,2,0
308,2,0
309,2,0
310,2,0
311,0,0
312,0,0
313,2,0
314,2,0
315,0,2
316,0,2
317,0,0
318,0,2
319,2,0
320,0,0
321,0,3
322,2,0
323,2,0
324,2,0
325,2,0
326,2,0
327,0,0
328,2,0
329,2,0
330,0,0
331,2,0
332,0,0
333,0,1
334,0,0
335,2,0
336,2,0
337,0,0
338,2,0
339,0,1
340,0,1
341,2,0
342,0,0
343,0,2
344,2,0
345,0,2
346,0,1
347,2,0
348,0,0
349,0,0
350,2,0
351,2,0
352,0,1
353,0,2
354,2,0
355,0,1
356,2,1
357,0,1
358,2,0
359,0,0
360,2,0
361,0,0
362,2,0
363,0,0
364,2,0
365,0,0
366,0,2
367,0,1
368,0,1
369,2,0
370,2,0
371,0,1
372,2,0
373,0,0
374,2,0
375,0,0
376,0,2
377,0,1
378,2,0
379,0,1
380,0,2
381,0,1
382,2,0
383,0,0
384,0,0
385,0,1
386,2,0
387,2,0
388,2,0
389,2,0
390,0,1
391,0,0
392,0,2
393,2,3
394,0,1
395,0,1
396,2,1
397,2,0
398,0,0
399,1,3
400,0,1
401,2,0
402,2,0
403,2,0
404,0,1
405,0,1
406,2,0
407,2,0
408,2,0
409,0,0
410,2,0
411,2,0
412,0,1
413,0,1
414,2,1
415,2,0
416,0,2
417,0,0
418,2,0
419,2,0
420,2,0
421,2,0
422,0,0
423,0,1
424,2,0
425,2,0
426,2,0
427,2,0
428,0,1
429,0,1
430,2,1
431,0,0
432,0,0
433,2,0
434,2,0
435,2,0
436,2,0
437,2,0
438,2,0
439,0,1
440,0,0
441,2,0
442,2,0
443,2,0
444,0,0
445,2,0
446,0,0
447,2,0
448,2,0
449,0,1
450,0,1
451,2,0
452,2,0
453,2,1
454,2,0
455,0,3
456,0,1
457,2,1
458,2,0
459,2,0
460,0,0
461,0,0
462,2,0
463,2,0
464,2,0
465,0,1
466,0,2
467,2,0
468,2,0
469,2,0
470,2,0
471,0,0
472,2,0
473,2,0
474,0,1
475,0,3
476,2,0
477,0,0
478,2,1
479,2,0
480,2,0
481,0,0
482,0,3
483,0,0
484,2,0
485,2,0
486,1,3
487,2,0
488,2,0
489,2,0
490,0,0
491,2,0
492,2,0
493,0,0
494,0,0
495,0,0
496,1,1
497,0,0
498,2,0
499,0,0
500,2,0
501,2,0
502,2,1
503,0,1
504,0,0
505,0,1
506,2,0
507,2,0
508,0,1
509,2,0
510,2,0
511,2,0
512,2,0
513,2,0
514,2,0
515,2,0
516,0,1
517,2,1
518,2,0
519,0,1
520,2,0
521,0,0
522,2,0
523,0,0
524,2,0
525,2,0
526,2,0
527,0,0
528,0,0
529,0,0
530,2,0
531,2,1
532,2,0
533,0,0
534,2,0
535,0,0
536,2,0
537,2,0
538,1,3
539,2,0
540,0,0
541,0,2
542,0,1
543,0,0
544,2,0
545,2,0
546,2,0
547,0,1
548,2,0
549,0,1
550,2,0
551,0,0
552,2,0
553,2,0
554,0,0
555,2,3
556,0,1
557,2,0
558,2,1
559,2,0
560,0,0
561,2,0
562,2,0
563,2,0
564,0,1
565,2,0
566,2,0
567,0,0
568,0,1
569,0,0
570,2,1
571,2,0
572,0,0
573,2,0
574,2,0
575,2,0
576,0,0
577,2,0
578,2,0
579,2,0
580,0,0
581,2,0
582,0,1
583,2,0
584,0,1
585,2,1
586,2,0
587,0,2
588,2,0
589,0,0
590,2,0
591,0,0
592,0,1
593,2,0
594,2,1
595,0,0
596,2,0
597,2,1
598,2,0
599,2,0
600,1,3
601,0,0
602,2,0
603,2,0
604,0,0
605,2,0
606,2,0
607,0,0
608,2,0
609,2,0
610,0,0
611,0,2
612,2,0
613,2,0
614,2,0
615,0,0
616,0,1
617,2,0
618,2,0
619,2,0
620,0,0
621,0,0
622,2,0
623,2,0
624,2,0
625,2,0
626,0,3
627,0,1
628,0,1
629,2,0
630,2,0
631,0,0
632,2,0
633,0,1
634,2,0
635,2,0
636,0,1
637,2,0
638,0,1
639,2,0
640,2,0
641,2,0
642,0,0
643,2,0
644,0,0
645,2,0
646,2,0
647,2,0
648,0,0
649,0,1
650,0,0
651,2,0
652,2,0
653,0,0
654,0,1
655,2,0
656,0,1
657,0,0
658,0,1
659,0,1
660,0,0
661,2,0
662,1,3
663,0,2
664,2,0
665,2,0
666,0,3
667,0,0
668,2,0
669,2,0
670,2,0
671,2,0
672,2,0
673,2,0
674,0,0
675,0,1
676,0,0
677,0,0
678,1,0
679,2,0
680,2,0
681,0,0
682,2,0
683,0,0
684,2,0
685,2,0
686,0,0
687,2,0
688,0,0
689,2,0
690,2,1
691,2,0
692,2,0
693,2,0
694,2,0
695,0,0
696,2,0
697,0,0
698,2,0
699,0,0
700,0,0
701,2,0
702,2,0
703,2,0
704,0,2
705,2,0
706,0,0
707,2,0
708,2,0
709,0,0
710,0,0
711,2,0
712,2,0
713,2,0
714,0,0
715,0,1
716,0,0
717,0,0
718,2,0
719,2,0
720,0,0
721,0,1
722,2,0
723,0,0
724,0,1
725,0,0
726,0,0
727,0,0
728,0,0
729,0,0
730,0,2
731,0,3
732,2,0
733,0,0
734,0,1
735,0,0
736,2,0
737,0,1
738,2,0
739,2,0
740,0,1
741,0,0
742,2,0
743,2,0
744,0,0
745,2,0
746,0,3
747,2,0
748,0,1
749,0,2
750,2,0
751,2,0
752,0,1
753,0,0
754,0,1
755,2,0
756,2,0
757,0,0
758,0,0
759,2,0
760,2,1
761,0,0
762,0,1
763,2,0
764,0,0
765,2,0
766,0,2
767,0,0
768,0,0
769,0,0
770,0,0
771,0,1
772,2,0
773,2,0
774,1,0
775,2,0
776,0,0
777,0,0
778,0,0
779,2,0
780,0,1
781,2,0
782,2,0
783,0,0
784,2,1
785,0,1
786,2,0
787,0,0
788,1,3
789,0,0
790,2,0
791,2,0
792,2,1
793,2,0
794,2,0
795,2,0
796,2,0
797,2,0
798,1,0
799,0,0
800,2,0
801,2,0
802,2,0
803,0,0
804,0,0
805,0,1
806,0,0
807,0,1
808,2,0
809,2,0
810,2,0
811,0,0
812,2,0
813,0,1
814,0,0
815,2,0
816,0,1
817,2,0
818,0,1
819,2,0
820,1,0
821,2,0
822,2,0
823,2,0
824,0,1
825,2,0
826,0,0
827,0,0
828,0,0
829,0,0
830,0,1
831,2,0
832,0,0
833,2,0
834,2,0
835,2,0
836,0,1
837,2,0
838,0,0
839,2,1
840,2,0
841,2,0
842,2,0
843,2,0
844,0,1
845,2,0
846,2,1
847,0,1
848,2,0
849,0,2
850,2,0
851,0,2
852,2,0
853,0,1
854,1,3
855,0,0
856,2,0
857,2,0
858,0,1
859,0,2
860,0,1
861,0,0
862,0,0
863,2,1
864,2,0
865,0,0
866,2,0
867,0,0
868,0,0
869,2,0
870,2,0
871,0,2
872,0,0
873,0,2
874,0,0
875,2,1
876,0,2
877,0,0
878,2,0
879,2,0
880,0,2
881,2,0
882,2,0
883,0,0
884,0,0
885,2,0
886,2,0
887,2,0
888,0,0
889,0,0
890,2,0
891,0,1
892,0,2
893,0,0
894,2,0
895,0,1
896,2,1
897,0,0
898,2,0
899,0,1
900,0,0
901,2,0
902,0,0
903,2,0
904,2,0
905,2,0
906,0,1
907,2,0
908,2,0
909,0,0
910,2,0
911,2,0
912,2,0
913,0,2
914,0,2
915,2,0
916,0,0
917,0,1
918,0,1
919,2,0
920,2,0
921,2,0
922,2,0
923,2,0
924,2,0
925,0,1
926,2,1
927,0,1
928,2,0
929,0,0
930,0,2
931,2,0
932,0,1
933,0,0
934,2,0
935,2,0
936,2,0
937,0,0
938,1,3
939,2,0
940,0,1
941,2,0
942,2,0
943,2,0
944,0,1
945,2,0
946,2,0
947,0,0
948,0,0
949,2,0
950,2,0
951,2,0
952,0,0
953,0,2
954,0,1
955,0,0
956,2,0
957,0,1
958,0,2
959,2,0
960,2,0
961,0,2
962,0,0
963,2,0
964,2,0
965,2,0
966,2,0
967,0,0
968,0,0
969,0,1
970,0,1
971,2,0
972,2,0
973,0,1
974,2,0
975,0,0
976,0,0
977,0,0
978,2,0
979,0,0
980,2,0
981,2,1
982,2,0
983,0,1
984,2,0
985,2,0
986,0,1
987,0,0
988,2,0
989,0,0
990,2,0
991,2,0
992,0,0
993,0,0
994,0,0
995,2,0
996,0,0
997,0,0
998,0,0
999,0,1
1000,0,0
1001,2,0
1002,0,1
1003,2,0
1004,2,0
1005,2,0
1006,2,0
1007,0,1
1008,2,0
1009,2,0
1010,2,0
1011,2,0
1012,2,0
1013,2,0
1014,2,0
1015,2,0
1016,0,1
1017,0,1
1018,0,0
1019,2,0
1020,0,1
1021,0,0
1022,2,0
1023,2,0
1024,2,0
1025,2,0
1026,0,0
1027,0,1
1028,1,3
1029,2,0
1030,2,0
1031,0,0
1032,0,0
1033,2,3
1034,2,0
1035,0,0
1036,1,3
1037,2,0
1038,0,2
1039,0,1
1040,2,0
1041,0,0
1042,0,0
1043,2,0
1044,2,0
1045,0,0
1046,2,0
1047,0,1
1048,2,0
1049,0,2
1050,2,0
1051,0,0
1052,2,1
1053,2,0
1054,0,0
1055,2,0
1056,2,0
1057,0,1
1058,0,0
1059,1,1
1060,2,0
1061,0,0
1062,2,0
1063,2,0
1064,0,1
1065,2,0
1066,2,0
1067,0,1
1068,0,3
1069,2,0
1070,0,1
1071,2,0
1072,2,0
1073,0,0
1074,0,0
1075,2,1
1076,2,0
1077,0,1
1078,0,0
1079,2,0
1080,2,0
1081,1,3
1082,0,0
1083,2,0
1084,2,0
1085,2,0
1086,0,1
1087,2,0
1088,0,1
1089,2,0
1090,2,0
1091,2,0
1092,0,2
1093,0,0
1094,2,0
1095,0,0
1096,0,3
1097,0,0
1098,0,0
1099,0,1
1100,2,1
1101,0,1
1102,0,0
1103,0,1
1104,2,0
1105,2,0
1106,0,1
1107,2,0
1108,2,0
1109,2,0
1110,2,0
1111,0,0
1112,2,0
1113,2,0
1114,0,3
1115,0,0
1116,0,1
1117,2,0
1118,2,0
1119,0,0
1120,0,0
1121,2,1
1122,2,0
1123,0,1
1124,0,1
1125,2,0
1126,0,0
1127,0,0
1128,2,0
1129,2,0
1130,0,3
1131,1,3
1132,2,0
1133,2,0
1134,2,3
1135,0,1
1136,2,0
1137,2,0
1138,2,0
1139,2,0
1140,2,0
1141,2,0
1142,0,0
1143,2,0
1144,0,1
1145,0,0
1146,0,1
1147,2,1
1148,2,1
1149,0,1
1150,1,0
1151,0,2
1152,0,3
1153,0,1
1154,2,0
1155,0,1
1156,0,0
1157,2,0
1158,0,2
1159,0,1
1160,2,0
1161,2,0
1162,2,0
1163,2,0
1164,0,1
1165,2,0
1166,0,1
1167,0,2
1168,2,0
1169,2,0
1170,0,0
1171,2,0
1172,2,0
1173,2,0
1174,0,2
1175,2,0
1176,0,1
1177,0,0
1178,0,0
1179,2,0
1180,0,0
1181,2,0
1182,2,0
1183,0,0
1184,2,0
1185,0,1
1186,0,1
1187,2,1
1188,0,0
1189,2,0
1190,2,0
1191,0,1
1192,1,0
1193,0,1
1194,2,0
1195,2,0
1196,2,0
1197,2,0
1198,0,2
1199,0,0
1200,0,0
1201,2,0
1202,2,0
1203,0,0
1204,2,0
1205,2,0
1206,0,0
1207,2,0
1208,0,0
1209,0,3
1210,2,0
1211,0,3
1212,0,0
1213,0,0
1214,2,0
1215,0,0
1216,0,0
1217,0,1
1218,2,0
1219,2,0
1220,2,3
1221,1,0
1222,2,0
1223,0,0
1224,2,0
1225,0,1
1226,0,0
1227,2,0
1228,2,0
1229,0,0
1230,2,1
1231,0,0
1232,0,0
1233,0,1
1234,2,0
1235,2,0
1236,2,0
1237,0,1
1238,2,0
1239,2,0
1240,0,1
1241,2,0
1242,2,0
1243,0,0
1244,0,0
1245,2,0
1246,0,2
1247,2,0
1248,0,1
1249,2,0
1250,2,0
1251,2,1
1252,2,0
1253,0,0
1254,1,0
1255,0,0
1256,2,0
1257,2,0
1258,0,0
1259,2,0
1260,2,0
1261,0,0
1262,2,0
1263,0,0
1264,2,0
1265,2,0
1266,2,0
1267,2,0
1268,0,2
1269,2,0
1270,0,0
1271,0,0
1272,2,0
1273,2,0
1274,1,3
1275,0,0
1276,2,0
1277,2,0
1278,0,0
1279,2,0
1280,2,0
1281,0,1
1282,0,0
1283,2,0
1284,2,0
1285,2,0
1286,0,0
1287,1,3
1288,2,0
1289,0,0
1290,0,0
1291,0,1
1292,2,0
1293,2,0
1294,2,0
1295,2,0
1296,2,0
1297,0,1
1298,0,1
1299,2,0
1300,2,0
1301,0,0
1302,2,3
1303,2,0
1304,2,0
1305,0,2
1306,0,0
1307,0,1
1308,1,0
1309,2,0
1310,2,0
1311,2,0
1312,0,0
1313,2,0
1314,0,2
1315,2,0
1316,0,3
1317,2,0
1318,0,1
1319,2,0
1320,0,0
1321,2,0
1322,0,1
1323,2,0
1324,2,0
1325,0,1
1326,2,0
1327,2,0
1328,2,0
1329,0,1
1330,1,3
1331,0,1
1332,2,0
1333,0,1
1334,0,0
1335,0,0
1336,0,2
1337,2,0
1338,0,0
1339,0,0
1340,0,0
1341,0,0
1342,2,0
1343,2,3
1344,2,0
1345,0,0
1346,0,1
1347,2,0
1348,0,0
1349,0,1
1350,0,0
1351,2,0
1352,0,0
1353,2,0
1354,0,3
1355,2,0
1356,2,0
1357,0,0
1358,0,0
1359,0,0
1360,2,1
1361,2,0
1362,0,1
1363,0,1
1364,0,1
1365,2,0
1366,2,0
1367,0,0
1368,0,1
1369,2,0
1370,2,0
1371,2,0
1372,0,0
1373,0,0
1374,0,1
1375,2,0
1376,2,0
1377,2,0
1378,2,0
1379,0,0
1380,2,0
1381,1,1
1382,0,1
1383,2,0
1384,0,0
1385,0,0
1386,2,0
1387,2,0
1388,0,1
1389,2,0
1390,2,0
1391,2,0
1392,0,1
1393,0,0
1394,2,0
1395,0,1
1396,1,0
1397,2,0
1398,0,0
1399,0,1
1400,2,3
1401,2,1
1402,2,0
1403,2,0
1404,0,0
1405,0,0
1406,0,1
1407,2,0
1408,0,1
1409,2,0
1410,2,0
1411,0,0
1412,2,0
1413,2,0
1414,2,1
1415,2,0
1416,2,0
1417,0,1
1418,0,1
1419,0,1
1420,0,3
1421,1,0
1422,2,0
1423,2,0
1424,2,0
1425,2,0
1426,0,0
1427,0,1
1428,0,0
1429,2,0
1430,2,0
1431,2,1
1432,0,2
1433,0,1
1434,0,1
1435,0,0
1436,2,0
1437,2,0
1438,2,0
1439,2,0
1440,0,0
1441,0,0
1442,0,1
1443,2,0
1444,0,0
1445,2,0
1446,0,2
1447,2,0
1448,2,0
1449,0,2
1450,0,1
1451,0,1
1452,2,1
1453,0,1
1454,0,2
1455,0,0
1456,0,1
1457,0,2
1458,2,0
1459,2,0
1460,0,0
1461,2,1
1462,2,0
1463,1,1
1464,0,0
1465,2,0
1466,0,0
1467,2,0
1468,2,0
1469,2,0
1470,0,0
1471,0,0
1472,2,0
1473,0,0
1474,2,0
1475,2,0
1476,0,0
1477,2,0
1478,0,1
1479,2,0
1480,2,0
1481,0,0
1482,0,1
1483,2,0
1484,2,0
1485,2,0
1486,2,0
1487,0,0
1488,0,1
1489,2,0
1490,2,0
1491,0,2
1492,2,0
1493,2,0
1494,2,0
1495,2,0
1496,0,1
1497,0,0
1498,0,1
1499,0,1
1500,0,0
1501,2,0
1502,0,0
1503,2,0
1504,0,1
1505,2,0
1506,2,0
1507,2,0
1508,2,0
1509,0,0
1510,0,1
1511,1,3
1512,0,0
1513,0,2
1514,0,0
1515,2,0
1516,2,0
1517,0,0
1518,0,1
1519,2,0
1520,2,0
1521,0,1
1522,0,0
1523,2,0
1524,2,0
1525,0,1
1526,2,0
1527,2,0
1528,2,0
1529,0,1
1530,0,2
1531,2,0
1532,2,0
1533,2,0
1534,0,3
1535,0,0
1536,2,0
1537,2,0
1538,0,0
1539,2,0
1540,0,1
1541,0,1
1542,0,0
1543,2,0
1544,2,0
1545,0,0
1546,2,0
1547,2,0
1548,2,0
1549,2,0
1550,0,0
1551,0,1
1552,0,0
1553,0,0
1554,2,0
1555,2,0
1556,0,1
1557,2,0
1558,0,1
1559,0,1
1560,2,0
1561,2,0
1562,0,1
1563,2,3
1564,0,0
1565,2,1
1566,0,1
1567,2,0
1568,0,0
1569,0,1
1570,2,0
1571,0,1
1572,2,3
1573,2,0
1574,0,0
1575,0,0
1576,0,0
1577,0,1
1578,2,0
1579,0,1
1580,2,0
1581,0,0
1582,0,2
1583,2,0
1584,0,1
1585,0,0
1586,2,0
1587,2,0
1588,0,3
1589,2,0
1590,0,1
1591,0,1
1592,0,0
1593,0,0
1594,2,0
1595,2,0
1596,2,0
1597,2,0
1598,0,2
1599,0,1
1600,2,0
1601,0,1
1602,2,0
1603,0,0
1604,0,0
1605,2,1
1606,0,0
1607,2,0
1608,2,0
1609,2,0
1610,2,0
1611,0,0
1612,1,0
1613,0,0
1614,2,0
1615,2,0
1616,0,1
1617,2,0
1618,0,1
1619,2,0
1620,2,0
1621,2,0
1622,2,0
1623,0,0
1624,2,0
1625,2,0
1626,2,0
1627,2,0
1628,2,1
1629,2,0
1630,0,3
1631,0,1
1632,0,1
1633,0,1
1634,2,1
1635,2,0
1636,2,0
1637,2,0
1638,0,1
1639,2,0
1640,0,0
1641,2,0
1642,2,0
1643,2,0
1644,0,0
1645,2,0
1646,0,1
1647,0,0
1648,2,0
1649,0,0
1650,2,1
1651,2,0
1652,2,0
1653,2,0
1654,0,1
1655,0,0
1656,0,1
1657,0,0
1658,0,1
1659,2,0
1660,0,0
1661,0,1
1662,0,0
1663,2,0
1664,2,0
1665,0,0
1666,0,1
1667,0,0
1668,2,0
1669,0,3
1670,2,0
1671,0,1
1672,0,1
1673,0,0
1674,0,0
1675,0,1
1676,0,1
1677,1,3
1678,2,0
1679,2,0
1680,2,0
1681,0,0
1682,2,0
1683,2,1
1684,2,1
1685,2,0
1686,2,0
1687,0,1
1688,2,0
1689,2,0
1690,2,0
1691,0,1
1692,2,0
1693,2,0
1694,0,0
1695,0,1
1696,0,1
1697,0,0
1698,0,0
1699,2,0
1700,0,0
1701,2,0
1702,2,0
1703,0,2
1704,2,0
1705,0,1
1706,2,0
1707,2,0
1708,0,0
1709,0,1
1710,2,0
1711,2,0
1712,0,1
1713,2,0
1714,2,0
1715,0,1
1716,2,1
1717,2,0
1718,0,1
1719,0,3
1720,0,0
1721,2,0
1722,2,0
1723,0,0
1724,0,0
1725,2,0
1726,0,1
1727,2,0
1728,0,0
1729,2,0
1730,2,0
1731,0,0
1732,2,0
1733,0,2
1734,0,0
1735,0,0
1736,2,0
1737,0,1
1738,0,0
1739,0,0
1740,0,0
1741,2,0
1742,2,0
1743,2,1
1744,0,0
1745,2,0
1746,2,0
1747,2,0
1748,2,1
1749,0,0
1750,0,2
1751,0,2
1752,2,0
1753,0,0
1754,2,0
1755,0,0
1756,0,2
1757,2,1
1758,0,0
1759,2,1
1760,0,0
1761,2,0
1762,0,1
1763,0,0
1764,2,0
1765,2,0
1766,0,0
1767,2,0
1768,0,1
1769,2,0
1770,0,1
1771,2,0
1772,2,0
1773,0,0
1774,2,0
1775,0,0
1776,2,0
1777,0,1
1778,0,2
1779,2,0
1780,0,0
1781,0,0
1782,0,0
1783,0,0
1784,0,0
1785,2,0
1786,2,0
1787,2,0
1788,2,0
1789,2,0
1790,2,0
1791,0,0
1792,0,1
1793,0,0
1794,2,0
1795,2,0
1796,0,1
1797,0,1
1798,0,1
1799,0,0
1800,0,0
1801,0,0
1802,0,3
1803,2,0
1804,2,0
1805,2,0
1806,0,0
1807,0,0
1808,0,0
1809,0,0
1810,0,0
1811,2,0
1812,2,1
1813,0,1
1814,2,1
1815,0,0
1816,0,0
1817,2,0
1818,1,3
1819,0,0
1820,2,1
1821,0,2
1822,2,3
1823,2,0
1824,2,0
1825,2,0
1826,0,1
1827,2,0
1828,0,0
1829,0,0
1830,2,0
1831,0,0
1832,2,0
1833,0,1
1834,2,0
1835,2,0
1836,0,2
1837,0,0
1838,0,0
1839,2,0
1840,2,0
1841,0,1
1842,0,0
1843,0,0
1844,0,1
1845,2,0
1846,0,0
1847,0,0
1848,0,0
1849,0,1
1850,2,0
1851,2,0
1852,2,0
1853,0,1
1854,2,0
1855,2,0
1856,0,2
1857,0,1
1858,0,0
1859,2,0
1860,2,0
1861,0,0
1862,0,0
1863,2,0
1864,0,2
1865,2,0
1866,0,0
1867,2,0
1868,0,1
1869,2,0
1870,2,0
1871,0,0
1872,2,0
1873,0,1
1874,2,0
1875,2,0
1876,0,1
1877,2,0
1878,2,1
1879,0,0
1880,2,0
1881,0,0
1882,0,0
1883,0,1
1884,0,0
1885,0,0
1886,2,0
1887,2,0
1888,0,1
1889,0,0
1890,0,1
1891,2,0
1892,0,0
1893,0,0
1894,2,0
1895,0,0
1896,0,0
1897,0,0
1898,0,1
1899,2,0
1900,0,0
1901,2,0
1902,0,0
1903,2,0
1904,2,0
1905,2,0
1906,2,0
1907,0,0
1908,2,1
1909,0,0
1910,0,0
1911,2,0
1912,0,1
1913,0,0
1914,0,0
1915,2,0
1916,0,1
1917,0,1
1918,2,1
1919,0,0
1920,0,2
1921,2,0
1922,2,0
1923,0,0
1924,2,1
1925,2,0
1926,1,3
1927,2,0
1928,0,1
1929,2,0
1930,0,0
1931,2,0
1932,2,0
1933,0,0
1934,2,0
1935,0,1
1936,2,0
1937,1,0
1938,2,0
1939,2,0
1940,0,1
1941,0,0
1942,2,0
1943,2,0
1944,0,1
1945,2,0
1946,2,0
1947,2,0
1948,0,0
1949,2,0
1950,2,0
1951,2,0
1952,0,0
1953,2,0
1954,2,0
1955,2,0
1956,2,0
1957,0,1
1958,2,0
1959,2,0
1960,0,0
1961,2,0
1962,2,0
1963,2,0
1964,2,0
1965,0,1
1966,0,0
1967,2,0
1968,0,1
1969,2,0
1970,2,3
1971,0,1
1972,2,0
1973,2,0
1974,2,0
1975,2,0
1976,0,2
1977,2,0
1978,0,2
1979,2,0
1980,2,0
1981,2,0
1982,0,0
1983,0,2
1984,0,0
1985,2,0
1986,2,0
1987,2,0
1988,2,0
1989,2,0
1990,2,0
1991,0,0
1992,2,0
1993,0,0
1994,0,1
1995,2,0
1996,2,0
1997,2,0
1998,2,1
1999,0,0
2000,0,2
2001,0,1
2002,0,0
2003,2,0
2004,0,1
2005,2,0
2006,0,1
2007,0,0
2008,2,0
2009,2,0
2010,2,0
2011,2,1
2012,2,0
2013,0,1
2014,0,1
2015,2,0
2016,0,0
2017,0,2
2018,0,0
2019,2,0
2020,0,0
2021,2,0
2022,0,0
2023,2,0
2024,2,0
2025,2,0
2026,2,1
2027,0,1
2028,0,0
2029,2,0
2030,2,0
2031,2,0
2032,0,0
2033,2,0
2034,2,0
2035,2,0
2036,2,0
2037,0,0
2038,2,0
2039,0,0
2040,2,1
2041,2,0
2042,2,0
2043,2,0
2044,0,1
2045,2,0
2046,0,0
2047,2,0
2048,2,0
2049,0,1
2050,2,0
2051,2,0
2052,0,0
2053,0,0
2054,2,0
2055,2,0
2056,2,0
2057,2,0
2058,2,0
2059,0,1
2060,2,0
2061,0,0
2062,2,0
2063,2,0
2064,0,1
2065,0,1
2066,2,0
2067,2,0
2068,0,0
2069,0,0
2070,0,0
2071,2,0
2072,0,0
2073,0,1
2074,0,0
2075,0,0
2076,2,0
2077,2,0
2078,2,3
2079,2,0
2080,0,1
2081,0,0
2082,2,0
2083,2,0
2084,2,0
2085,2,0
2086,0,0
2087,2,0
2088,2,0
2089,2,0
2090,2,0
2091,2,0
2092,2,0
2093,0,0
2094,0,0
2095,2,0
2096,0,1
2097,2,0
2098,1,3
2099,0,0
2100,0,1
2101,2,0
2102,2,0
2103,0,0
2104,0,0
2105,2,0
2106,2,0
2107,0,0
2108,1,3
2109,2,0
2110,2,0
2111,0,0
2112,0,0
2113,0,0
2114,2,0
2115,0,0
2116,2,0
2117,2,0
2118,0,1
2119,0,1
2120,2,0
2121,0,1
2122,0,1
2123,2,0
2124,2,0
2125,2,0
2126,2,1
2127,2,0
2128,2,0
2129,0,1
2130,0,1
2131,0,1
2132,2,0
2133,2,0
2134,0,2
2135,0,3
2136,0,1
2137,2,0
2138,0,0
2139,0,2
2140,2,0
2141,2,0
2142,2,0
2143,2,0
2144,0,1
2145,0,0
2146,0,1
2147,0,0
2148,2,0
2149,1,3
2150,2,0
2151,2,0
2152,2,0
2153,2,0
2154,0,0
2155,2,0
2156,2,3
2157,2,0
2158,0,0
2159,2,0
2160,2,0
2161,2,0
2162,2,0
2163,2,0
2164,0,1
2165,2,0
2166,0,0
2167,0,0
2168,0,2
2169,2,0
2170,2,0
2171,2,0
2172,0,0
2173,2,0
2174,2,0
2175,2,0
2176,0,0
2177,0,0
2178,2,3
2179,1,3
2180,2,0
2181,2,0
2182,0,0
2183,0,0
2184,0,0
2185,0,1
2186,2,0
2187,2,0
2188,1,0
2189,2,0
2190,0,0
2191,2,1
2192,2,0
2193,2,0
2194,0,0
2195,0,1
2196,0,0
2197,0,0
2198,2,0
2199,2,1
2200,2,0
2201,2,0
2202,0,0
2203,2,1
2204,1,0
2205,0,0
2206,2,0
2207,2,0
2208,2,0
2209,2,0
2210,2,0
2211,2,0
2212,2,0
2213,2,0
2214,0,1
2215,2,0
2216,0,0
2217,2,0
2218,2,0
2219,0,0
2220,2,0
2221,2,0
2222,2,0
2223,2,0
2224,0,1
2225,0,0
2226,0,1
2227,2,0
2228,2,0
2229,0,0
2230,0,0
2231,2,0
2232,0,1
2233,2,0
2234,2,0
2235,2,0
2236,0,0
2237,1,3
2238,2,1
2239,2,0
2240,2,0
2241,2,0
2242,2,0
2243,2,0
2244,2,0
2245,0,0
2246,2,0
2247,1,3
2248,0,1
2249,0,0
2250,2,1
2251,2,0
2252,0,0
2253,0,0
2254,2,3
2255,0,1
2256,0,1
2257,2,0
2258,2,0
2259,2,0
2260,0,0
2261,1,0
2262,0,0
2263,0,2
2264,0,1
2265,1,3
2266,0,0
2267,0,0
2268,0,1
2269,0,0
2270,2,0
2271,2,0
2272,2,0
2273,2,0
2274,2,0
2275,1,0
2276,0,0
2277,2,0
2278,0,0
2279,0,0
2280,2,0
2281,0,3
2282,0,1
2283,0,3
2284,0,0
2285,0,0
2286,2,0
2287,2,0
2288,2,0
2289,1,3
2290,2,0
2291,0,0
2292,2,0
2293,2,0
2294,2,0
2295,2,0
2296,0,0
2297,0,1
2298,0,0
2299,0,0
2300,2,0
2301,0,0
2302,0,2
2303,2,0
2304,2,0
2305,0,0
2306,2,0
2307,2,0
2308,0,0
2309,0,3
2310,2,0
2311,0,1
2312,2,0
2313,0,0
2314,0,0
2315,2,0
2316,0,0
2317,2,0
2318,2,0
2319,0,2
2320,2,0
2321,2,0
2322,0,0
2323,2,1
2324,2,0
2325,0,2
2326,0,1
2327,2,0
2328,2,1
2329,2,0
2330,2,0
2331,0,0
2332,2,1
2333,2,0
2334,0,0
2335,0,0
2336,2,0
2337,0,0
2338,2,0
2339,0,0
2340,2,0
2341,0,1
2342,2,0
2343,2,0
2344,2,0
2345,0,1
2346,0,0
2347,0,1
2348,0,1
2349,0,1
2350,1,3
2351,0,0
2352,2,0
2353,2,0
2354,0,1
2355,0,0
2356,2,1
2357,0,0
2358,2,0
2359,0,0
2360,2,0
2361,0,0
2362,2,3
2363,0,2
2364,0,2
2365,2,0
2366,2,0
2367,0,0
2368,0,0
2369,0,1
2370,2,0
2371,2,0
2372,2,0
2373,2,0
2374,2,1
2375,0,0
2376,2,0
2377,0,0
2378,2,0
2379,0,0
2380,2,0
2381,0,0
2382,0,0
2383,0,1
2384,0,0
2385,0,1
2386,2,0
2387,2,0
2388,0,3
2389,0,0
2390,0,0
2391,0,1
2392,2,0
2393,2,0
2394,0,0
2395,2,0
2396,2,0
2397,0,1
2398,2,0
2399,2,0
2400,0,0
2401,2,0
2402,2,0
2403,2,0
2404,2,0
2405,2,1
2406,0,1
2407,0,0
2408,2,1
2409,2,0
2410,0,1
2411,0,2
2412,0,0
2413,0,0
2414,0,1
2415,0,1
2416,0,0
2417,2,0
2418,2,0
2419,0,1
2420,2,3
2421,2,0
2422,0,0
2423,2,0
2424,2,0
2425,2,0
2426,2,0
2427,2,0
2428,2,3
2429,2,0
2430,2,0
2431,2,1
2432,0,1
2433,2,0
2434,2,0
2435,2,0
2436,0,0
2437,2,0
2438,2,0
2439,2,0
2440,2,0
2441,0,1
2442,2,0
2443,0,0
2444,2,0
2445,2,0
2446,0,0
2447,0,0
2448,0,0
2449,2,0
2450,2,0
2451,0,2
2452,0,0
2453,0,3
2454,2,0
2455,2,0
2456,0,0
2457,0,1
2458,2,0
2459,0,1
2460,0,0
2461,2,1
2462,0,0
2463,2,0
2464,0,1
2465,2,0
2466,0,1
2467,0,0
2468,0,1
2469,0,1
2470,2,0
2471,0,0
2472,0,3
2473,1,0
2474,0,0
2475,0,1
2476,2,1
2477,2,0
2478,2,0
2479,2,0
2480,0,0
2481,2,0
2482,2,0
2483,0,0
2484,2,0
2485,0,3
2486,2,0
2487,2,0
2488,0,0
2489,0,0
2490,0,0
2491,0,0
2492,0,0
2493,2,0
2494,2,0
2495,0,0
2496,2,0
2497,0,0
2498,2,3
2499,2,0
2500,0,0
2501,2,0
2502,0,1
2503,0,2
2504,0,1
2505,1,0
2506,2,0
2507,2,1
2508,2,0
2509,2,0
2510,2,0
2511,2,0
2512,2,0
2513,0,2
2514,2,0
2515,0,0
2516,2,0
2517,1,1
2518,0,1
2519,2,0
2520,2,0
2521,2,0
2522,0,1
2523,1,0
2524,2,0
2525,2,0
2526,0,0
2527,2,0
2528,2,0
2529,0,0
2530,0,0
2531,2,0
2532,2,0
2533,0,3
2534,2,1
2535,2,0
2536,2,0
2537,2,0
2538,0,0
2539,2,0
2540,0,1
2541,2,0
2542,2,0
2543,2,0
2544,0,0
2545,2,0
2546,0,1
2547,2,0
2548,0,0
2549,0,1
2550,0,1
2551,0,0
2552,0,1
2553,2,0
2554,0,0
2555,2,0
2556,2,0
2557,2,0
2558,0,0
2559,2,0
2560,2,1
2561,2,0
2562,0,0
2563,2,0
2564,2,0
2565,2,0
2566,2,0
2567,0,0
2568,0,1
2569,2,0
2570,0,0
2571,2,0
2572,0,2
2573,0,0
2574,2,0
2575,2,0
2576,0,0
2577,2,0
2578,2,0
2579,2,3
2580,0,1
2581,2,0
2582,2,0
2583,0,1
2584,0,0
2585,0,0
2586,2,0
2587,2,0
2588,2,0
2589,0,1
2590,2,1
2591,2,0
2592,0,1
2593,2,0
2594,2,0
2595,2,0
2596,2,0
2597,0,1
2598,0,0
2599,0,3
2600,0,0
2601,0,0
2602,2,0
2603,2,1
2604,2,0
2605,0,2
2606,2,0
2607,0,2
2608,2,0
2609,0,0
2610,2,0
2611,0,0
2612,0,1
2613,0,2
2614,2,0
2615,0,1
2616,0,0
2617,0,0
2618,0,0
2619,0,1
2620,0,1
2621,0,0
2622,2,0
2623,0,1
2624,0,0
2625,2,0
2626,0,0
2627,2,0
2628,0,2
2629,2,0
2630,2,0
2631,2,0
2632,0,1
2633,0,0
2634,0,0
2635,2,0
2636,2,0
2637,0,1
2638,0,1
2639,2,0
2640,2,0
2641,0,1
2642,2,0
2643,0,0
2644,0,0
2645,0,1
2646,0,0
2647,2,0
2648,0,1
2649,2,0
2650,0,2
2651,0,0
2652,2,0
2653,2,0
2654,0,1
2655,0,0
2656,0,0
2657,0,0
2658,2,0
2659,2,0
2660,2,0
2661,2,0
2662,0,0
2663,2,0
2664,2,0
2665,0,1
2666,2,0
2667,0,1
2668,2,0
2669,2,0
2670,0,1
2671,2,0
2672,0,0
2673,0,0
2674,0,1
2675,0,1
2676,2,0
2677,0,1
2678,0,0
2679,0,1
2680,2,0
2681,0,0
2682,2,0
2683,0,1
2684,0,0
2685,2,0
2686,2,1
2687,0,1
2688,0,0
2689,2,0
2690,1,0
2691,0,0
2692,0,0
2693,2,1
2694,2,0
2695,2,0
2696,2,0
2697,2,0
2698,2,0
2699,0,1
2700,2,0
2701,2,0
2702,0,0
2703,0,1
2704,2,0
2705,0,2
2706,2,0
2707,0,1
2708,0,0
2709,0,1
2710,0,2
2711,2,0
2712,0,0
2713,0,0
2714,2,0
2715,2,0
2716,2,0
2717,0,0
2718,2,0
2719,0,1
2720,2,0
2721,0,1
2722,2,0
2723,0,0
2724,0,2
2725,2,0
2726,0,0
2727,0,2
2728,2,0
2729,0,2
2730,2,0
2731,2,0
2732,2,0
2733,2,0
2734,2,0
2735,2,0
2736,0,0
2737,2,0
2738,0,0
2739,2,0
2740,2,0
2741,2,0
2742,2,0
2743,0,1
2744,2,0
2745,2,1
2746,0,0
2747,0,1
2748,0,1
2749,0,1
2750,0,2
2751,2,0
2752,2,0
2753,2,0
2754,2,0
2755,0,2
2756,2,0
2757,2,0
2758,2,0
2759,0,0
2760,2,0
2761,0,0
2762,0,0
2763,0,2
2764,0,0
2765,0,1
2766,2,0
2767,0,1
2768,0,2
2769,0,2
2770,2,0
2771,2,0
2772,0,2
2773,2,0
2774,0,0
2775,2,1
2776,0,1
2777,0,0
2778,2,0
2779,0,3
2780,2,0
2781,2,0
2782,0,1
2783,0,1
2784,2,0
2785,0,0
2786,0,0
2787,2,0
2788,2,0
2789,0,0
2790,0,0
2791,0,1
2792,1,0
2793,2,0
2794,2,0
2795,2,3
2796,2,0
2797,0,0
2798,0,2
2799,0,2
2800,0,0
2801,2,0
2802,2,0
2803,0,0
2804,0,1
2805,2,0
2806,2,0
2807,0,0
2808,1,3
2809,0,0
2810,0,2
2811,0,1
2812,2,1
2813,0,2
2814,0,1
2815,2,0
2816,2,0
2817,0,1
2818,2,0
2819,0,0
2820,2,0
2821,0,1
2822,2,0
2823,0,0
2824,2,0
2825,2,0
2826,2,0
2827,0,1
2828,2,1
2829,2,0
2830,2,0
2831,0,0
2832,2,0
2833,0,0
2834,0,0
2835,0,1
2836,0,0
2837,0,1
2838,2,0
2839,2,0
2840,0,0
2841,2,0
2842,2,3
2843,0,1
2844,0,1
2845,0,1
2846,2,0
2847,0,1
2848,2,0
2849,2,0
2850,2,0
2851,2,0
2852,2,0
2853,2,0
2854,2,0
2855,0,2
2856,2,1
2857,2,0
2858,0,0
2859,0,3
2860,0,2
2861,2,0
2862,2,0
2863,0,1
2864,1,3
2865,2,0
2866,0,2
2867,2,0
2868,2,0
2869,2,0
2870,2,0
2871,2,0
2872,0,1
2873,0,0
2874,2,0
2875,2,0
2876,2,0
2877,2,0
2878,2,1
2879,2,0
2880,0,0
2881,0,0
2882,0,0
2883,1,3
2884,0,0
2885,2,3
2886,2,0
2887,0,1
2888,2,0
2889,1,3
2890,0,0
2891,2,0
2892,0,0
2893,2,0
2894,0,1
2895,2,0
2896,0,0
2897,2,0
2898,0,0
2899,1,0
2900,0,0
2901,2,0
2902,2,0
2903,2,0
2904,1,1
2905,0,1
2906,2,0
2907,0,1
2908,2,0
2909,2,0
2910,2,0
2911,0,0
2912,2,0
2913,2,0
2914,0,0
2915,2,0
2916,0,0
2917,0,2
2918,0,0
2919,2,0
2920,0,0
2921,0,0
2922,0,0
2923,0,1
2924,0,1
2925,0,0
2926,0,0
2927,2,0
2928,2,0
2929,0,0
2930,2,0
2931,0,2
2932,0,0
2933,2,0
2934,2,0
2935,2,0
2936,0,1
2937,0,0
2938,2,0
2939,1,0
2940,2,0
2941,2,0
2942,2,0
2943,2,0
2944,0,0
2945,2,0
2946,0,0
2947,0,0
2948,2,0
2949,0,2
2950,2,1
2951,2,0
2952,2,0
2953,0,1
2954,0,1
2955,2,0
2956,2,0
2957,2,0
2958,0,0
2959,2,0
2960,0,1
2961,2,0
2962,0,0
2963,0,1
2964,2,0
2965,2,0
2966,0,0
2967,0,1
2968,0,0
2969,2,0
2970,0,1
2971,2,0
2972,2,1
2973,2,0
2974,0,0
2975,2,0
2976,2,0
2977,2,0
2978,0,0
2979,2,0
2980,2,0
2981,1,0
2982,0,1
2983,2,0
2984,2,0
2985,0,0
2986,0,0
2987,0,0
2988,1,0
2989,2,3
2990,0,1
2991,2,0
2992,0,0
2993,0,0
2994,0,0
2995,0,0
2996,0,2
2997,1,3
2998,2,0
2999,0,0
3000,0,1
3001,2,0
3002,0,0
3003,0,1
3004,2,1
3005,2,0
3006,2,0
3007,2,0
3008,2,0
3009,2,0
3010,2,0
3011,0,0
3012,0,2
3013,0,1
3014,0,1
3015,2,0
3016,0,0
3017,2,0
3018,1,3
3019,2,0
3020,0,0
3021,2,0
3022,2,0
3023,2,0
3024,2,0
3025,2,1
3026,0,0
3027,2,0
3028,0,0
3029,2,0
3030,2,0
3031,2,0
3032,0,1
3033,2,0
3034,2,0
3035,0,1
3036,0,0
3037,0,1
3038,0,1
3039,0,0
3040,0,1
3041,0,0
3042,2,0
3043,2,0
3044,1,0
3045,0,0
3046,0,0
3047,0,0
3048,0,1
3049,0,0
3050,2,0
3051,0,2
3052,2,0
3053,0,0
3054,0,1
3055,2,0
3056,0,1
3057,2,0
3058,0,0
3059,2,0
3060,2,0
3061,2,1
3062,2,0
3063,2,0
3064,2,0
3065,0,1
3066,0,3
3067,0,0
3068,0,2
3069,0,0
3070,2,0
3071,2,0
3072,0,1
3073,2,0
3074,0,0
3075,0,1
3076,0,0
3077,0,0
3078,0,1
3079,2,1
3080,0,0
3081,1,3
3082,0,0
3083,0,0
3084,2,0
3085,2,0
3086,0,2
3087,2,0
3088,2,0
3089,2,0
3090,2,0
3091,0,0
3092,2,0
3093,2,0
3094,0,1
3095,2,1
3096,0,0
3097,2,0
3098,2,0
3099,0,0
3100,2,0
3101,2,0
3102,0,0
3103,0,0
3104,2,0
3105,0,1
3106,0,2
3107,0,3
3108,2,0
3109,2,0
3110,0,1
3111,2,0
3112,2,0
3113,0,0
3114,2,0
3115,0,1
3116,2,1
3117,0,2
3118,0,0
3119,2,0
3120,0,0
3121,0,0
3122,0,1
3123,0,0
3124,0,1
3125,0,1
3126,2,0
3127,2,0
3128,2,0
3129,2,0
3130,2,0
3131,2,0
3132,0,1
3133,0,0
3134,2,0
3135,2,0
3136,0,1
3137,2,0
3138,1,0
3139,2,0
3140,2,0
3141,2,0
3142,0,2
3143,0,0
3144,2,0
3145,0,0
3146,2,0
3147,2,1
3148,0,1
3149,2,0
3150,0,0
3151,0,1
3152,0,1
3153,2,0
3154,0,1
3155,0,0
3156,0,0
3157,2,0
3158,0,1
3159,0,1
3160,2,0
3161,0,1
3162,2,0
3163,2,0
3164,0,3
3165,0,1
